Month,AnswererId,TotalScore,AnswerCount,MonthlyRank
"2026-08","36151","5","1","1"
"2026-08","53013","2","1","2"
"2026-08","58067","2","1","2"
"2026-08","263495","2","5","2"
"2026-08","34242","1","1","5"
"2026-08","263503","0","1","6"
"2026-08","263137","0","2","6"
"2026-08","54185","0","1","6"
"2026-08","2933","0","1","6"
"2026-07","58067","50","5","1"
"2026-07","93421","27","5","2"
"2026-07","34242","20","6","3"
"2026-07","17143","13","2","4"
"2026-07","20413","8","1","5"
"2026-07","4257","7","1","6"
"2026-07","121370","6","1","7"
"2026-07","28879","4","1","8"
"2026-07","50040","3","1","9"
"2026-07","262737","3","1","9"
"2026-07","262330","1","1","11"
"2026-07","90243","1","1","11"
"2026-07","63671","1","2","11"
"2026-07","69823","1","1","11"
"2026-07","87222","1","1","11"
"2026-07","89259","0","1","16"
"2026-07","262186","0","1","16"
"2026-07","67","0","1","16"
"2026-07","262795","0","1","16"
"2026-07","262855","0","1","16"
"2026-07","262897","-2","1","21"
"2026-07","261535","-2","1","21"
"2026-06","34242","47","3","1"
"2026-06","4638","23","3","2"
"2026-06","58067","23","3","2"
"2026-06","63671","20","3","4"
"2026-06","42398","13","2","5"
"2026-06","17143","9","2","6"
"2026-06","69823","8","1","7"
"2026-06","20413","6","1","8"
"2026-06","54199","5","2","9"
"2026-06","259866","3","1","10"
"2026-06","260132","2","1","11"
"2026-06","98043","2","1","11"
"2026-06","71885","1","1","13"
"2026-06","260253","1","1","13"
"2026-06","260579","1","3","13"
"2026-06","67","1","1","13"
"2026-06","53013","1","1","13"
"2026-06","68224","0","1","18"
"2026-06","213479","0","1","18"
"2026-06","260850","0","1","18"
"2026-06","260895","-1","1","21"
"2026-06","260799","-1","1","21"
"2026-05","34242","34","4","1"
"2026-05","58067","21","2","2"
"2026-05","63671","15","1","3"
"2026-05","19707","10","1","4"
"2026-05","259756","9","3","5"
"2026-05","17143","6","3","6"
"2026-05","71885","5","1","7"
"2026-05","259866","3","2","8"
"2026-05","259887","2","1","9"
"2026-05","259660","2","1","9"
"2026-05","98043","2","1","9"
"2026-05","258231","1","1","12"
"2026-05","258351","1","1","12"
"2026-05","258246","1","1","12"
"2026-05","81730","1","1","12"
"2026-05","93421","1","1","12"
"2026-05","67481","0","1","17"
"2026-05","641","0","1","17"
"2026-05","259168","0","1","17"
"2026-05","259537","0","1","17"
"2026-05","258383","0","1","17"
"2026-05","258413","0","1","17"
"2026-05","258233","0","1","17"
"2026-05","258199","0","1","17"
"2026-05","51949","-1","1","25"
"2026-05","258872","-2","1","26"
"2026-05","259021","-4","2","27"
"2026-05","258315","-4","1","27"
"2026-04","17143","10","2","1"
"2026-04","4638","5","1","2"
"2026-04","63671","5","1","2"
"2026-04","19707","4","1","4"
"2026-04","58067","4","1","4"
"2026-04","81818","2","1","6"
"2026-04","257309","2","1","6"
"2026-04","257730","1","1","8"
"2026-04","257819","1","1","8"
"2026-04","255791","1","1","8"
"2026-04","256654","1","1","8"
"2026-04","93421","1","1","8"
"2026-04","256028","1","1","8"
"2026-04","28879","1","1","8"
"2026-04","34242","1","1","8"
"2026-04","67","1","1","8"
"2026-04","64319","0","1","17"
"2026-04","256143","0","1","17"
"2026-04","256200","0","1","17"
"2026-04","256464","0","1","17"
"2026-04","255768","0","1","17"
"2026-04","255959","0","1","17"
"2026-04","255995","0","1","17"
"2026-04","257859","0","1","17"
"2026-04","257486","-1","1","25"
"2026-04","149392","-1","1","25"
"2026-04","257245","-2","1","27"
"2026-04","256503","-10","5","28"
"2026-03","20183","19","2","1"
"2026-03","63671","15","1","2"
"2026-03","19707","13","3","3"
"2026-03","17143","10","1","4"
"2026-03","36356","9","1","5"
"2026-03","58067","6","2","6"
"2026-03","253591","5","1","7"
"2026-03","225645","4","1","8"
"2026-03","69823","3","1","9"
"2026-03","10703","3","1","9"
"2026-03","34242","2","1","11"
"2026-03","252850","2","1","11"
"2026-03","252529","2","1","11"
"2026-03","254115","2","1","11"
"2026-03","253335","1","1","15"
"2026-03","253362","1","2","15"
"2026-03","254457","0","1","17"
"2026-03","254767","0","1","17"
"2026-03","254977","0","1","17"
"2026-03","255216","0","1","17"
"2026-03","255263","0","1","17"
"2026-03","252647","0","1","17"
"2026-03","252759","0","1","17"
"2026-03","252976","0","1","17"
"2026-03","253016","0","1","17"
"2026-03","34383","0","1","17"
"2026-03","5505","0","1","17"
"2026-03","254348","-1","2","28"
"2026-02","34242","39","4","1"
"2026-02","58027","29","1","2"
"2026-02","67","26","4","3"
"2026-02","17143","23","2","4"
"2026-02","20413","19","2","5"
"2026-02","19707","13","1","6"
"2026-02","249886","13","1","6"
"2026-02","249223","12","5","8"
"2026-02","251354","12","1","8"
"2026-02","69823","10","1","10"
"2026-02","58067","9","2","11"
"2026-02","104148","8","1","12"
"2026-02","85398","6","1","13"
"2026-02","251060","4","2","14"
"2026-02","51949","3","1","15"
"2026-02","252407","2","1","16"
"2026-02","10860","2","1","16"
"2026-02","250918","1","1","18"
"2026-02","251515","1","1","18"
"2026-02","63671","1","2","18"
"2026-02","29744","1","1","18"
"2026-02","249641","1","1","18"
"2026-02","250433","1","1","18"
"2026-02","250484","0","1","24"
"2026-02","250893","0","1","24"
"2026-02","249976","0","1","24"
"2026-02","250403","0","1","24"
"2026-02","249657","0","1","24"
"2026-02","251524","0","1","24"
"2026-02","252108","-1","1","30"
"2026-02","98901","-3","1","31"
"2026-01","69823","31","2","1"
"2026-01","19707","22","1","2"
"2026-01","58067","21","2","3"
"2026-01","80388","15","1","4"
"2026-01","89259","14","1","5"
"2026-01","81730","10","2","6"
"2026-01","4257","9","1","7"
"2026-01","34242","7","3","8"
"2026-01","129274","5","1","9"
"2026-01","244864","3","1","10"
"2026-01","248382","3","1","10"
"2026-01","71101","3","1","10"
"2026-01","53708","2","1","13"
"2026-01","67","2","1","13"
"2026-01","244727","2","1","13"
"2026-01","98043","1","1","16"
"2026-01","102154","1","1","16"
"2026-01","245590","1","1","16"
"2026-01","246886","1","1","16"
"2026-01","247577","1","1","16"
"2026-01","91573","1","1","16"
"2026-01","20931","0","1","22"
"2026-01","247618","0","1","22"
"2026-01","248902","0","2","22"
"2026-01","246621","0","1","22"
"2026-01","245444","-1","1","26"
"2026-01","247372","-1","1","26"
"2026-01","97383","-5","2","28"
"2025-12","28879","42","2","1"
"2025-12","69823","35","5","2"
"2025-12","34242","31","5","3"
"2025-12","58067","30","4","4"
"2025-12","20413","25","3","5"
"2025-12","17143","21","3","6"
"2025-12","79316","17","1","7"
"2025-12","65126","15","1","8"
"2025-12","67","14","4","9"
"2025-12","19707","11","3","10"
"2025-12","63671","9","1","11"
"2025-12","52851","9","1","11"
"2025-12","103697","6","2","13"
"2025-12","54051","5","1","14"
"2025-12","89259","4","1","15"
"2025-12","238245","4","1","15"
"2025-12","239543","3","1","17"
"2025-12","79858","3","1","17"
"2025-12","244202","3","1","17"
"2025-12","243225","2","2","20"
"2025-12","85398","2","1","20"
"2025-12","105208","2","1","20"
"2025-12","106981","1","1","23"
"2025-12","234194","1","1","23"
"2025-12","239252","1","1","23"
"2025-12","241029","1","1","23"
"2025-12","241572","1","1","23"
"2025-12","50876","1","1","23"
"2025-12","14908","1","1","23"
"2025-12","2925","0","1","30"
"2025-12","6638","0","2","30"
"2025-12","69566","0","1","30"
"2025-12","241764","0","1","30"
"2025-12","242568","0","1","30"
"2025-12","239617","0","1","30"
"2025-12","239660","0","2","30"
"2025-12","240745","0","1","30"
"2025-12","239460","0","1","30"
"2025-12","238355","0","1","30"
"2025-12","238205","0","1","30"
"2025-12","95101","-3","1","41"
"2025-11","28879","43","2","1"
"2025-11","58067","29","4","2"
"2025-11","20413","25","2","3"
"2025-11","69823","16","7","4"
"2025-11","234854","15","1","5"
"2025-11","34242","12","1","6"
"2025-11","17143","10","6","7"
"2025-11","83173","6","1","8"
"2025-11","102154","6","1","8"
"2025-11","20183","6","1","8"
"2025-11","63671","4","2","11"
"2025-11","232232","4","1","11"
"2025-11","19707","4","2","11"
"2025-11","80388","3","1","14"
"2025-11","128047","3","1","14"
"2025-11","232461","2","1","16"
"2025-11","233086","2","1","16"
"2025-11","237129","2","1","16"
"2025-11","237366","2","1","16"
"2025-11","237582","2","1","16"
"2025-11","237605","2","1","16"
"2025-11","237772","1","1","22"
"2025-11","236820","1","1","22"
"2025-11","237262","1","1","22"
"2025-11","234194","1","1","22"
"2025-11","67481","1","2","22"
"2025-11","68458","1","1","22"
"2025-11","2569","1","1","22"
"2025-11","27224","1","1","22"
"2025-11","42398","1","1","22"
"2025-11","63169","1","1","22"
"2025-11","105208","0","2","32"
"2025-11","234332","0","1","32"
"2025-11","234528","0","1","32"
"2025-11","234023","0","1","32"
"2025-11","235423","0","1","32"
"2025-11","235430","0","1","32"
"2025-11","236141","0","1","32"
"2025-11","234905","-1","1","39"
"2025-11","235163","-1","1","39"
"2025-11","232332","-1","1","39"
"2025-11","18910","-1","2","39"
"2025-11","234867","-2","1","43"
"2025-11","234806","-9","1","44"
"2025-10","69823","48","5","1"
"2025-10","34242","40","7","2"
"2025-10","20413","29","3","3"
"2025-10","17143","20","5","4"
"2025-10","19707","20","2","4"
"2025-10","48468","17","2","6"
"2025-10","53013","17","3","6"
"2025-10","63169","17","1","6"
"2025-10","4638","15","4","9"
"2025-10","58067","10","2","10"
"2025-10","80388","9","2","11"
"2025-10","103560","9","1","11"
"2025-10","42487","8","1","13"
"2025-10","60896","7","1","14"
"2025-10","28879","7","1","14"
"2025-10","228891","7","1","14"
"2025-10","220270","6","1","17"
"2025-10","101479","5","2","18"
"2025-10","1790","5","2","18"
"2025-10","89259","4","1","20"
"2025-10","37796","4","1","20"
"2025-10","40923","4","1","20"
"2025-10","14210","4","1","20"
"2025-10","229306","4","1","20"
"2025-10","102807","3","1","25"
"2025-10","26311","3","1","25"
"2025-10","29322","3","1","25"
"2025-10","93686","3","1","25"
"2025-10","81322","2","1","29"
"2025-10","52000","2","1","29"
"2025-10","65978","2","1","29"
"2025-10","42066","2","1","29"
"2025-10","228195","2","1","29"
"2025-10","226233","2","1","29"
"2025-10","232217","2","1","29"
"2025-10","102154","1","1","36"
"2025-10","226902","1","1","36"
"2025-10","227026","1","1","36"
"2025-10","42398","1","1","36"
"2025-10","1214","1","1","36"
"2025-10","72758","1","1","36"
"2025-10","74230","0","1","42"
"2025-10","96845","0","2","42"
"2025-10","98590","0","1","42"
"2025-10","52931","0","1","42"
"2025-10","34315","0","1","42"
"2025-10","227880","0","1","42"
"2025-10","226973","0","2","42"
"2025-10","227000","0","1","42"
"2025-10","228106","0","1","42"
"2025-10","143255","0","1","42"
"2025-10","229326","0","1","42"
"2025-10","231793","-1","1","53"
"2025-10","229135","-1","1","53"
"2025-10","226300","-1","1","53"
"2025-10","227933","-1","1","53"
"2025-10","228169","-2","1","57"
"2025-10","232246","-2","1","57"
"2025-10","229177","-3","1","59"
"2025-10","226650","-3","1","59"
"2025-09","58067","77","7","1"
"2025-09","17143","57","4","2"
"2025-09","28879","57","3","2"
"2025-09","34242","23","2","4"
"2025-09","19707","23","3","4"
"2025-09","69823","20","4","6"
"2025-09","20413","17","1","7"
"2025-09","4638","16","2","8"
"2025-09","53980","14","1","9"
"2025-09","42500","11","1","10"
"2025-09","22246","10","1","11"
"2025-09","95359","9","1","12"
"2025-09","220903","8","1","13"
"2025-09","101479","6","1","14"
"2025-09","53013","6","1","14"
"2025-09","89259","6","1","14"
"2025-09","224930","6","1","14"
"2025-09","67","6","2","14"
"2025-09","220944","4","2","19"
"2025-09","81322","3","1","20"
"2025-09","83621","3","1","20"
"2025-09","223262","3","1","20"
"2025-09","223724","3","1","20"
"2025-09","63671","3","1","20"
"2025-09","54051","3","1","20"
"2025-09","43541","2","1","26"
"2025-09","221963","2","1","26"
"2025-09","77409","2","1","26"
"2025-09","221360","2","1","26"
"2025-09","100239","2","1","26"
"2025-09","219416","1","1","31"
"2025-09","102154","1","1","31"
"2025-09","221557","1","1","31"
"2025-09","98590","1","1","31"
"2025-09","222746","1","1","31"
"2025-09","222280","1","1","31"
"2025-09","222300","1","1","31"
"2025-09","222389","1","1","31"
"2025-09","225711","1","1","31"
"2025-09","224151","1","1","31"
"2025-09","57082","1","1","31"
"2025-09","18910","0","2","42"
"2025-09","225720","0","1","42"
"2025-09","223800","0","1","42"
"2025-09","225356","0","1","42"
"2025-09","225508","0","1","42"
"2025-09","225615","0","1","42"
"2025-09","223044","0","1","42"
"2025-09","134814","0","1","42"
"2025-09","222036","-1","1","50"
"2025-09","222406","-1","1","50"
"2025-09","221233","-2","1","52"
"2025-09","58050","-2","1","52"
"2025-09","222148","-3","1","54"
"2025-09","225662","-3","3","54"
"2025-08","57082","29","1","1"
"2025-08","69823","22","2","2"
"2025-08","102807","12","1","3"
"2025-08","81322","11","1","4"
"2025-08","101479","9","1","5"
"2025-08","34242","8","2","6"
"2025-08","67","7","3","7"
"2025-08","641","7","2","7"
"2025-08","58067","7","1","7"
"2025-08","19707","6","2","10"
"2025-08","63671","5","1","11"
"2025-08","95101","4","1","12"
"2025-08","17143","4","2","12"
"2025-08","217676","4","1","12"
"2025-08","220028","3","1","15"
"2025-08","216283","3","1","15"
"2025-08","68631","3","1","15"
"2025-08","215439","2","1","18"
"2025-08","220098","2","1","18"
"2025-08","220270","2","1","18"
"2025-08","218672","1","1","21"
"2025-08","219769","1","1","21"
"2025-08","215591","1","1","21"
"2025-08","202623","1","1","21"
"2025-08","58050","1","1","21"
"2025-08","94502","1","1","21"
"2025-08","7793","1","1","21"
"2025-08","36740","1","1","21"
"2025-08","4638","0","1","29"
"2025-08","216852","0","1","29"
"2025-08","217134","0","1","29"
"2025-08","217277","0","1","29"
"2025-08","219168","0","1","29"
"2025-08","220503","0","1","29"
"2025-07","28879","94","7","1"
"2025-07","4638","42","5","2"
"2025-07","19707","28","3","3"
"2025-07","69823","26","3","4"
"2025-07","89259","25","1","5"
"2025-07","98043","18","2","6"
"2025-07","17143","13","3","7"
"2025-07","63671","9","1","8"
"2025-07","53980","7","2","9"
"2025-07","58067","5","2","10"
"2025-07","102154","5","1","10"
"2025-07","4257","4","1","12"
"2025-07","98590","3","1","13"
"2025-07","92007","3","2","13"
"2025-07","79613","3","1","13"
"2025-07","202623","3","1","13"
"2025-07","210192","3","1","13"
"2025-07","207114","2","1","18"
"2025-07","211563","2","1","18"
"2025-07","212283","2","1","18"
"2025-07","65733","2","1","18"
"2025-07","34242","2","1","18"
"2025-07","134814","2","1","18"
"2025-07","67","2","3","18"
"2025-07","15666","2","1","18"
"2025-07","213206","1","1","26"
"2025-07","211882","1","1","26"
"2025-07","212125","1","1","26"
"2025-07","209907","1","1","26"
"2025-07","210475","0","1","30"
"2025-07","210594","0","1","30"
"2025-07","211720","0","1","30"
"2025-07","213740","0","1","30"
"2025-07","214048","0","1","30"
"2025-07","214940","0","1","30"
"2025-07","110272","0","1","30"
"2025-07","42004","0","1","30"
"2025-07","213519","-1","1","38"
"2025-07","211344","-1","1","38"
"2025-07","210206","-1","1","38"
"2025-07","209474","-1","1","38"
"2025-07","213805","-2","1","42"
"2025-07","25188","-2","1","42"
"2025-07","209414","-3","1","44"
"2025-06","69823","27","4","1"
"2025-06","130887","26","3","2"
"2025-06","58067","21","3","3"
"2025-06","28879","15","3","4"
"2025-06","19707","12","2","5"
"2025-06","204596","12","4","5"
"2025-06","26369","10","1","7"
"2025-06","2569","9","2","8"
"2025-06","4638","7","2","9"
"2025-06","48468","7","1","9"
"2025-06","96222","7","1","9"
"2025-06","204558","5","1","12"
"2025-06","206845","4","1","13"
"2025-06","70120","4","1","13"
"2025-06","53708","4","1","13"
"2025-06","1672","3","1","16"
"2025-06","20413","3","1","16"
"2025-06","81322","3","1","16"
"2025-06","63671","3","1","16"
"2025-06","98043","2","1","20"
"2025-06","42487","2","1","20"
"2025-06","207074","1","1","22"
"2025-06","203948","1","1","22"
"2025-06","204268","0","1","24"
"2025-06","25370","0","1","24"
"2025-06","32998","0","1","24"
"2025-06","207088","0","1","24"
"2025-06","208085","0","1","24"
"2025-06","208374","0","1","24"
"2025-06","208756","0","1","24"
"2025-06","206555","0","1","24"
"2025-06","206693","0","1","24"
"2025-06","205425","-2","1","33"
"2025-05","58067","49","4","1"
"2025-05","20413","43","1","2"
"2025-05","54051","41","1","3"
"2025-05","34242","39","4","4"
"2025-05","17143","39","8","4"
"2025-05","304","37","1","6"
"2025-05","4638","18","3","7"
"2025-05","101479","17","1","8"
"2025-05","63169","16","1","9"
"2025-05","69823","13","4","10"
"2025-05","26369","12","1","11"
"2025-05","50040","12","1","11"
"2025-05","102154","11","1","13"
"2025-05","196764","6","2","14"
"2025-05","81322","5","1","15"
"2025-05","94917","5","1","15"
"2025-05","68224","5","1","15"
"2025-05","197658","4","1","18"
"2025-05","75555","4","1","18"
"2025-05","196584","4","1","18"
"2025-05","197578","3","1","21"
"2025-05","72802","3","2","21"
"2025-05","134814","3","2","21"
"2025-05","51104","3","1","21"
"2025-05","67","2","1","25"
"2025-05","4257","2","1","25"
"2025-05","195096","2","1","25"
"2025-05","198780","2","1","25"
"2025-05","202623","2","1","25"
"2025-05","202914","2","1","25"
"2025-05","203065","2","1","25"
"2025-05","195619","2","1","25"
"2025-05","196589","1","1","33"
"2025-05","201106","1","1","33"
"2025-05","201423","1","1","33"
"2025-05","195371","1","1","33"
"2025-05","170995","1","1","33"
"2025-05","111167","1","2","33"
"2025-05","98889","1","1","33"
"2025-05","60742","1","1","33"
"2025-05","2690","1","1","33"
"2025-05","53616","1","1","33"
"2025-05","42487","1","1","33"
"2025-05","42013","0","1","44"
"2025-05","73177","0","2","44"
"2025-05","190889","0","1","44"
"2025-05","195161","0","1","44"
"2025-05","201363","0","1","44"
"2025-05","198732","0","1","44"
"2025-05","197213","0","1","44"
"2025-05","195451","-1","1","51"
"2025-05","195551","-1","1","51"
"2025-05","196612","-2","1","53"
"2025-04","26369","32","1","1"
"2025-04","63671","30","5","2"
"2025-04","34242","24","2","3"
"2025-04","69823","23","2","4"
"2025-04","20413","16","2","5"
"2025-04","58067","15","2","6"
"2025-04","2569","14","1","7"
"2025-04","42715","13","1","8"
"2025-04","35357","10","1","9"
"2025-04","17143","9","1","10"
"2025-04","28879","7","1","11"
"2025-04","50040","6","2","12"
"2025-04","81322","5","1","13"
"2025-04","36356","4","1","14"
"2025-04","190243","4","1","14"
"2025-04","89259","3","1","16"
"2025-04","71968","3","1","16"
"2025-04","304","3","1","16"
"2025-04","4638","3","1","16"
"2025-04","19707","2","1","20"
"2025-04","67632","2","1","20"
"2025-04","191765","2","1","20"
"2025-04","127824","2","1","20"
"2025-04","189115","2","2","20"
"2025-04","189324","2","1","20"
"2025-04","190523","1","1","26"
"2025-04","190577","1","1","26"
"2025-04","191194","1","1","26"
"2025-04","192785","1","1","26"
"2025-04","79788","1","1","26"
"2025-04","52107","1","1","26"
"2025-04","53013","1","1","26"
"2025-04","67","1","1","26"
"2025-04","93421","0","2","34"
"2025-04","98043","0","1","34"
"2025-04","103535","0","1","34"
"2025-04","192325","0","1","34"
"2025-04","191969","0","1","34"
"2025-04","190282","0","1","34"
"2025-04","188878","0","1","34"
"2025-04","193514","0","1","34"
"2025-04","193843","0","1","34"
"2025-04","191440","-1","1","43"
"2025-04","192003","-1","1","43"
"2025-04","193461","-1","1","43"
"2025-04","194872","-3","1","46"
"2025-03","19707","60","3","1"
"2025-03","69823","25","4","2"
"2025-03","58067","23","5","3"
"2025-03","66359","17","1","4"
"2025-03","34242","16","5","5"
"2025-03","81623","14","1","6"
"2025-03","98043","13","2","7"
"2025-03","4638","11","2","8"
"2025-03","185405","9","2","9"
"2025-03","53013","8","1","10"
"2025-03","65126","4","1","11"
"2025-03","185087","4","1","11"
"2025-03","183961","4","1","11"
"2025-03","186866","4","3","11"
"2025-03","185270","3","1","15"
"2025-03","54051","3","2","15"
"2025-03","67","3","2","15"
"2025-03","98590","3","1","15"
"2025-03","103738","3","1","15"
"2025-03","17143","3","1","15"
"2025-03","89259","2","1","21"
"2025-03","20413","2","1","21"
"2025-03","182593","2","2","21"
"2025-03","183670","1","1","24"
"2025-03","183776","1","1","24"
"2025-03","184675","1","1","24"
"2025-03","185944","1","1","24"
"2025-03","185949","1","1","24"
"2025-03","186868","1","1","24"
"2025-03","186942","1","1","24"
"2025-03","188589","1","1","24"
"2025-03","32998","1","1","24"
"2025-03","23231","0","1","33"
"2025-03","91843","0","2","33"
"2025-03","182321","0","3","33"
"2025-03","186912","0","1","33"
"2025-03","187372","0","1","33"
"2025-03","187566","0","1","33"
"2025-03","188020","0","1","33"
"2025-03","188283","0","1","33"
"2025-03","188506","0","1","33"
"2025-03","186021","0","1","33"
"2025-03","186435","0","1","33"
"2025-03","186085","-1","1","44"
"2025-03","186107","-1","1","44"
"2025-03","185950","-1","1","44"
"2025-03","184640","-1","1","44"
"2025-03","186710","-2","1","48"
"2025-03","186976","-2","1","48"
"2025-02","58067","59","6","1"
"2025-02","4638","18","5","2"
"2025-02","53013","13","2","3"
"2025-02","42487","10","1","4"
"2025-02","20413","10","2","4"
"2025-02","65126","9","1","6"
"2025-02","48468","8","1","7"
"2025-02","37206","8","1","7"
"2025-02","34242","6","2","9"
"2025-02","24170","5","3","10"
"2025-02","33763","4","1","11"
"2025-02","178837","3","1","12"
"2025-02","69823","2","1","13"
"2025-02","102020","2","1","13"
"2025-02","67","2","1","13"
"2025-02","10257","2","1","13"
"2025-02","36141","2","1","13"
"2025-02","36356","2","1","13"
"2025-02","178409","2","1","13"
"2025-02","181520","2","1","13"
"2025-02","181564","1","1","21"
"2025-02","181797","1","1","21"
"2025-02","183279","1","1","21"
"2025-02","54821","1","1","21"
"2025-02","17143","1","2","21"
"2025-02","102807","1","1","21"
"2025-02","81322","1","1","21"
"2025-02","87390","1","1","21"
"2025-02","67481","1","1","21"
"2025-02","177172","1","1","21"
"2025-02","175401","1","1","21"
"2025-02","176420","1","1","21"
"2025-02","175882","0","1","33"
"2025-02","179034","0","1","33"
"2025-02","174792","0","1","33"
"2025-02","2771","0","1","33"
"2025-02","47608","0","4","33"
"2025-02","181517","0","1","33"
"2025-02","182298","0","1","33"
"2025-02","182943","0","1","33"
"2025-02","180134","0","1","33"
"2025-02","180264","0","1","33"
"2025-02","180952","0","1","33"
"2025-02","180554","-1","1","44"
"2025-02","183290","-1","1","44"
"2025-02","175312","-1","1","44"
"2025-02","179557","-1","1","44"
"2025-02","176307","-1","1","44"
"2025-02","176954","-1","1","44"
"2025-02","177120","-1","1","44"
"2025-02","180963","-2","1","51"
"2025-02","182025","-2","1","51"
"2025-02","18910","-3","1","53"
"2025-01","34242","107","8","1"
"2025-01","17143","65","11","2"
"2025-01","4638","48","6","3"
"2025-01","58067","30","5","4"
"2025-01","65126","29","1","5"
"2025-01","67","28","2","6"
"2025-01","69823","27","6","7"
"2025-01","66359","25","3","8"
"2025-01","154045","16","6","9"
"2025-01","20413","14","2","10"
"2025-01","51949","13","2","11"
"2025-01","164595","12","1","12"
"2025-01","19707","10","3","13"
"2025-01","96845","9","3","14"
"2025-01","164903","9","1","14"
"2025-01","102807","9","1","14"
"2025-01","91959","6","4","17"
"2025-01","95359","6","1","17"
"2025-01","2933","6","1","17"
"2025-01","42715","5","1","20"
"2025-01","79613","5","2","20"
"2025-01","84887","5","1","20"
"2025-01","69596","4","1","23"
"2025-01","36684","4","1","23"
"2025-01","150471","4","1","23"
"2025-01","167590","3","1","26"
"2025-01","171314","3","1","26"
"2025-01","173124","2","1","28"
"2025-01","166645","2","1","28"
"2025-01","166648","2","1","28"
"2025-01","164509","2","1","28"
"2025-01","171145","2","1","28"
"2025-01","50040","2","1","28"
"2025-01","23010","2","1","28"
"2025-01","25188","2","1","28"
"2025-01","65187","1","1","36"
"2025-01","53013","1","1","36"
"2025-01","60594","1","1","36"
"2025-01","64271","1","1","36"
"2025-01","98590","1","1","36"
"2025-01","164764","1","1","36"
"2025-01","165352","1","1","36"
"2025-01","164060","1","1","36"
"2025-01","166270","1","1","36"
"2025-01","168444","1","1","36"
"2025-01","168625","1","1","36"
"2025-01","173378","1","1","36"
"2025-01","174086","1","1","36"
"2025-01","174186","1","1","36"
"2025-01","174491","0","1","50"
"2025-01","174494","0","1","50"
"2025-01","173274","0","1","50"
"2025-01","172428","0","1","50"
"2025-01","169166","0","1","50"
"2025-01","170327","0","1","50"
"2025-01","165985","0","1","50"
"2025-01","104497","0","1","50"
"2025-01","108068","0","1","50"
"2025-01","162663","0","1","50"
"2025-01","163765","0","1","50"
"2025-01","163774","0","1","50"
"2025-01","165219","0","1","50"
"2025-01","69896","0","1","50"
"2025-01","28786","0","1","50"
"2025-01","47608","0","1","50"
"2025-01","18910","-1","1","66"
"2025-01","165894","-1","1","66"
"2025-01","164343","-1","1","66"
"2025-01","45462","-2","1","69"
"2025-01","165344","-3","1","70"
"2024-12","58067","99","9","1"
"2024-12","81301","46","1","2"
"2024-12","89259","39","2","3"
"2024-12","34242","37","11","4"
"2024-12","67","33","4","5"
"2024-12","17143","28","7","6"
"2024-12","69823","28","4","6"
"2024-12","4638","23","4","8"
"2024-12","304","17","1","9"
"2024-12","63022","10","1","10"
"2024-12","150534","10","1","10"
"2024-12","129942","6","1","12"
"2024-12","28879","6","1","12"
"2024-12","19707","5","2","14"
"2024-12","108068","5","1","14"
"2024-12","61386","4","1","16"
"2024-12","155097","4","1","16"
"2024-12","156906","4","1","16"
"2024-12","157655","4","1","16"
"2024-12","156138","4","1","16"
"2024-12","161824","3","1","21"
"2024-12","162663","3","1","21"
"2024-12","150650","3","1","21"
"2024-12","71968","3","2","21"
"2024-12","81322","3","1","21"
"2024-12","29045","3","1","21"
"2024-12","67481","3","1","21"
"2024-12","64115","2","1","28"
"2024-12","65126","2","1","28"
"2024-12","76428","2","1","28"
"2024-12","157978","2","1","28"
"2024-12","155666","2","1","28"
"2024-12","152838","2","1","28"
"2024-12","152852","2","1","28"
"2024-12","151033","2","1","28"
"2024-12","153414","2","1","28"
"2024-12","155696","1","1","37"
"2024-12","155959","1","1","37"
"2024-12","155420","1","1","37"
"2024-12","157276","1","1","37"
"2024-12","157304","1","1","37"
"2024-12","157319","1","1","37"
"2024-12","158167","1","4","37"
"2024-12","162005","1","1","37"
"2024-12","81092","1","2","37"
"2024-12","85536","1","1","37"
"2024-12","93154","1","1","37"
"2024-12","98043","1","1","37"
"2024-12","51929","1","1","37"
"2024-12","25398","1","1","37"
"2024-12","68631","0","1","51"
"2024-12","146338","0","1","51"
"2024-12","152602","0","1","51"
"2024-12","161881","0","1","51"
"2024-12","156275","0","1","51"
"2024-12","159006","0","1","51"
"2024-12","159368","0","1","51"
"2024-12","159680","0","1","51"
"2024-12","159691","0","1","51"
"2024-12","160871","0","1","51"
"2024-12","161235","0","1","51"
"2024-12","155543","0","1","51"
"2024-12","154980","0","1","51"
"2024-12","152900","0","1","51"
"2024-12","152980","0","1","51"
"2024-12","151039","-1","1","66"
"2024-12","158291","-1","1","66"
"2024-12","162797","-1","1","66"
"2024-12","150638","-1","1","66"
"2024-12","58707","-1","1","66"
"2024-12","20413","-1","1","66"
"2024-12","150966","-2","1","72"
"2024-12","161645","-2","1","72"
"2024-11","28879","53","3","1"
"2024-11","58067","47","7","2"
"2024-11","17143","45","5","3"
"2024-11","19707","42","7","4"
"2024-11","48468","28","1","5"
"2024-11","20413","26","3","6"
"2024-11","4638","25","4","7"
"2024-11","34242","21","5","8"
"2024-11","1672","13","1","9"
"2024-11","69823","8","3","10"
"2024-11","81322","7","2","11"
"2024-11","35357","6","1","12"
"2024-11","94917","5","1","13"
"2024-11","80388","5","2","13"
"2024-11","32770","5","1","13"
"2024-11","63671","3","2","16"
"2024-11","67669","3","1","16"
"2024-11","98559","3","1","16"
"2024-11","32573","3","1","16"
"2024-11","102551","3","1","16"
"2024-11","140546","3","1","16"
"2024-11","145996","2","1","22"
"2024-11","99813","2","1","22"
"2024-11","102154","2","1","22"
"2024-11","97920","2","1","22"
"2024-11","96223","2","3","22"
"2024-11","97169","1","1","27"
"2024-11","78921","1","1","27"
"2024-11","69855","1","1","27"
"2024-11","2933","1","1","27"
"2024-11","146522","1","1","27"
"2024-11","146732","1","1","27"
"2024-11","145282","1","1","27"
"2024-11","148069","1","1","27"
"2024-11","139654","1","1","27"
"2024-11","142129","1","1","27"
"2024-11","141120","1","1","27"
"2024-11","141151","1","1","27"
"2024-11","143621","1","1","27"
"2024-11","144129","0","1","40"
"2024-11","141274","0","1","40"
"2024-11","142389","0","1","40"
"2024-11","142486","0","1","40"
"2024-11","139681","0","1","40"
"2024-11","140244","0","1","40"
"2024-11","140343","0","1","40"
"2024-11","140817","0","1","40"
"2024-11","148174","0","1","40"
"2024-11","148478","0","1","40"
"2024-11","148720","0","1","40"
"2024-11","148931","0","1","40"
"2024-11","147564","0","1","40"
"2024-11","147291","0","2","40"
"2024-11","147400","0","1","40"
"2024-11","143607","0","1","40"
"2024-11","144607","0","1","40"
"2024-11","67","0","1","40"
"2024-11","73438","0","1","40"
"2024-11","53013","-1","1","59"
"2024-11","146923","-1","1","59"
"2024-11","146949","-1","1","59"
"2024-11","147479","-1","1","59"
"2024-11","149259","-1","1","59"
"2024-11","143044","-1","1","59"
"2024-11","144207","-1","1","59"
"2024-11","139206","-2","1","66"
"2024-11","146409","-2","1","66"
"2024-10","28879","28","3","1"
"2024-10","69823","25","4","2"
"2024-10","17143","19","3","3"
"2024-10","58067","19","2","3"
"2024-10","63671","17","2","5"
"2024-10","101479","16","2","6"
"2024-10","72993","15","1","7"
"2024-10","20413","15","3","7"
"2024-10","66359","14","1","9"
"2024-10","67","9","2","10"
"2024-10","4638","7","2","11"
"2024-10","19707","5","2","12"
"2024-10","45799","5","1","12"
"2024-10","136736","5","1","12"
"2024-10","135725","4","1","15"
"2024-10","134514","4","1","15"
"2024-10","36356","4","1","15"
"2024-10","304","4","2","15"
"2024-10","34242","3","3","19"
"2024-10","103560","3","1","19"
"2024-10","106357","3","1","19"
"2024-10","105652","2","2","22"
"2024-10","92006","2","1","22"
"2024-10","29322","2","1","22"
"2024-10","53013","1","1","25"
"2024-10","94917","1","1","25"
"2024-10","96845","1","1","25"
"2024-10","130887","1","2","25"
"2024-10","131047","1","1","25"
"2024-10","132003","1","1","25"
"2024-10","132955","1","1","25"
"2024-10","134716","1","1","25"
"2024-10","133206","1","1","25"
"2024-10","135858","1","1","25"
"2024-10","135941","1","1","25"
"2024-10","136775","1","1","25"
"2024-10","137144","1","1","25"
"2024-10","138943","1","1","25"
"2024-10","139038","1","1","25"
"2024-10","136654","0","1","40"
"2024-10","138846","0","1","40"
"2024-10","139368","0","1","40"
"2024-10","139591","0","1","40"
"2024-10","136834","0","1","40"
"2024-10","136174","0","1","40"
"2024-10","134318","0","1","40"
"2024-10","134900","0","1","40"
"2024-10","132973","0","1","40"
"2024-10","131845","0","1","40"
"2024-10","73204","0","1","40"
"2024-10","87802","0","1","40"
"2024-10","64826","0","1","40"
"2024-10","18910","0","2","40"
"2024-10","124840","-1","2","54"
"2024-10","132116","-1","1","54"
"2024-10","134130","-1","1","54"
"2024-10","134729","-1","1","54"
"2024-10","136545","-1","1","54"
"2024-10","138738","-1","1","54"
"2024-10","139206","-3","1","60"
"2024-10","134822","-5","1","61"
"2024-09","17143","40","4","1"
"2024-09","4638","34","5","2"
"2024-09","19707","32","4","3"
"2024-09","67","29","9","4"
"2024-09","58067","27","5","5"
"2024-09","69823","20","4","6"
"2024-09","304","17","2","7"
"2024-09","63169","16","1","8"
"2024-09","87594","15","1","9"
"2024-09","20413","10","3","10"
"2024-09","72993","10","1","10"
"2024-09","94917","7","1","12"
"2024-09","80042","5","1","13"
"2024-09","51949","4","1","14"
"2024-09","34242","4","1","14"
"2024-09","111167","4","4","14"
"2024-09","127824","4","1","14"
"2024-09","64007","3","1","18"
"2024-09","79613","2","1","19"
"2024-09","97095","2","1","19"
"2024-09","125408","2","1","19"
"2024-09","126926","2","1","19"
"2024-09","127910","2","1","19"
"2024-09","129326","2","1","19"
"2024-09","129687","1","1","25"
"2024-09","126759","1","1","25"
"2024-09","128273","1","1","25"
"2024-09","124556","1","1","25"
"2024-09","113620","1","2","25"
"2024-09","65187","1","1","25"
"2024-09","28879","1","1","25"
"2024-09","63671","1","1","25"
"2024-09","45059","1","1","25"
"2024-09","49739","1","1","25"
"2024-09","50040","0","1","35"
"2024-09","42110","0","1","35"
"2024-09","75758","0","1","35"
"2024-09","121805","0","2","35"
"2024-09","83189","0","1","35"
"2024-09","85398","0","1","35"
"2024-09","107434","0","1","35"
"2024-09","125089","0","1","35"
"2024-09","125165","0","1","35"
"2024-09","125305","0","1","35"
"2024-09","125569","0","1","35"
"2024-09","125671","0","1","35"
"2024-09","130069","0","1","35"
"2024-09","130340","0","1","35"
"2024-09","130646","0","1","35"
"2024-09","126565","0","1","35"
"2024-09","127853","0","1","35"
"2024-09","127766","0","1","35"
"2024-09","127773","0","1","35"
"2024-09","18910","0","1","35"
"2024-09","126441","-1","1","55"
"2024-09","126527","-2","1","56"
"2024-09","124840","-2","2","56"
"2024-09","81717","-2","1","56"
"2024-09","127163","-2","1","56"
"2024-09","128154","-2","1","56"
"2024-09","126697","-3","1","61"
"2024-08","67","38","6","1"
"2024-08","53980","32","2","2"
"2024-08","58067","24","7","3"
"2024-08","19707","22","3","4"
"2024-08","17143","20","6","5"
"2024-08","89259","18","1","6"
"2024-08","92007","16","1","7"
"2024-08","20413","12","3","8"
"2024-08","69823","8","5","9"
"2024-08","4638","7","3","10"
"2024-08","304","6","1","11"
"2024-08","72993","6","2","11"
"2024-08","79613","6","2","11"
"2024-08","97802","5","1","14"
"2024-08","28879","5","1","14"
"2024-08","49712","4","1","16"
"2024-08","51671","4","1","16"
"2024-08","67632","4","1","16"
"2024-08","121024","4","1","16"
"2024-08","123057","3","1","20"
"2024-08","61133","3","2","20"
"2024-08","57082","3","1","20"
"2024-08","50816","2","1","23"
"2024-08","107885","2","1","23"
"2024-08","94917","2","1","23"
"2024-08","122496","2","1","23"
"2024-08","120568","2","1","23"
"2024-08","119664","2","1","23"
"2024-08","119948","2","1","23"
"2024-08","123776","2","1","23"
"2024-08","122438","1","1","31"
"2024-08","124556","1","2","31"
"2024-08","124560","1","1","31"
"2024-08","124641","1","1","31"
"2024-08","124891","1","1","31"
"2024-08","120649","1","1","31"
"2024-08","120849","1","1","31"
"2024-08","122533","1","1","31"
"2024-08","122601","1","1","31"
"2024-08","81322","1","1","31"
"2024-08","111167","1","1","31"
"2024-08","56993","1","1","31"
"2024-08","65126","1","1","31"
"2024-08","66900","1","1","31"
"2024-08","63671","1","1","31"
"2024-08","64096","0","1","46"
"2024-08","57711","0","2","46"
"2024-08","42004","0","7","46"
"2024-08","25188","0","1","46"
"2024-08","114834","0","1","46"
"2024-08","100975","0","2","46"
"2024-08","97169","0","1","46"
"2024-08","123073","0","1","46"
"2024-08","121615","0","1","46"
"2024-08","122285","0","1","46"
"2024-08","122312","0","1","46"
"2024-08","120317","0","1","46"
"2024-08","120476","0","1","46"
"2024-08","120514","0","1","46"
"2024-08","121221","0","1","46"
"2024-08","121370","0","1","46"
"2024-08","124117","0","1","46"
"2024-08","124186","0","2","46"
"2024-08","124193","0","1","46"
"2024-08","124277","0","1","46"
"2024-08","2933","0","1","46"
"2024-08","123882","-1","1","67"
"2024-08","121599","-1","1","67"
"2024-08","103535","-1","1","67"
"2024-08","109474","-4","2","70"
"2024-07","15018","101","1","1"
"2024-07","58067","40","10","2"
"2024-07","53980","29","1","3"
"2024-07","34242","27","3","4"
"2024-07","4638","24","3","5"
"2024-07","17143","24","6","5"
"2024-07","65126","19","1","7"
"2024-07","83621","17","2","8"
"2024-07","102154","17","1","8"
"2024-07","28879","16","3","10"
"2024-07","48468","15","1","11"
"2024-07","69823","7","3","12"
"2024-07","67","7","4","12"
"2024-07","66718","6","1","14"
"2024-07","63169","5","1","15"
"2024-07","63671","5","3","15"
"2024-07","43720","5","3","15"
"2024-07","81730","4","1","18"
"2024-07","99813","4","1","18"
"2024-07","119589","4","1","18"
"2024-07","115147","4","1","18"
"2024-07","115617","4","1","18"
"2024-07","116181","4","1","18"
"2024-07","116852","4","1","18"
"2024-07","115711","3","1","25"
"2024-07","117790","3","1","25"
"2024-07","23554","3","1","25"
"2024-07","117931","2","1","28"
"2024-07","118639","2","1","28"
"2024-07","117071","2","1","28"
"2024-07","117655","2","1","28"
"2024-07","115095","2","1","28"
"2024-07","114529","1","1","33"
"2024-07","114859","1","1","33"
"2024-07","115200","1","1","33"
"2024-07","115634","1","1","33"
"2024-07","119502","1","1","33"
"2024-07","119299","1","1","33"
"2024-07","20334","1","1","33"
"2024-07","20413","1","1","33"
"2024-07","100697","1","1","33"
"2024-07","107418","1","1","33"
"2024-07","53013","1","1","33"
"2024-07","24170","0","1","44"
"2024-07","38062","0","1","44"
"2024-07","117524","0","1","44"
"2024-07","119159","0","1","44"
"2024-07","118180","0","1","44"
"2024-07","115790","0","1","44"
"2024-07","116941","0","1","44"
"2024-07","114966","0","1","44"
"2024-07","115152","-1","1","52"
"2024-07","116499","-1","1","52"
"2024-07","117173","-1","1","52"
"2024-07","119346","-1","1","52"
"2024-07","111756","-1","1","52"
"2024-07","103535","-1","1","52"
"2024-07","117423","-2","1","58"
"2024-07","115136","-2","10","58"
"2024-07","115561","-3","1","60"
"2024-06","34242","69","7","1"
"2024-06","69823","50","6","2"
"2024-06","20413","26","4","3"
"2024-06","72993","19","2","4"
"2024-06","17143","13","3","5"
"2024-06","113204","11","1","6"
"2024-06","67","9","2","7"
"2024-06","53013","9","2","7"
"2024-06","63169","6","1","9"
"2024-06","304","5","1","10"
"2024-06","4638","4","1","11"
"2024-06","83182","4","1","11"
"2024-06","96845","4","2","11"
"2024-06","58067","3","2","14"
"2024-06","26369","3","1","14"
"2024-06","28879","3","1","14"
"2024-06","42169","3","1","14"
"2024-06","113142","3","1","14"
"2024-06","112554","3","1","14"
"2024-06","111332","3","2","14"
"2024-06","112414","3","1","14"
"2024-06","107075","3","1","14"
"2024-06","110515","2","2","23"
"2024-06","110524","2","2","23"
"2024-06","110710","2","1","23"
"2024-06","58098","2","1","23"
"2024-06","65126","2","1","23"
"2024-06","50040","2","1","23"
"2024-06","79613","2","1","23"
"2024-06","80388","2","1","23"
"2024-06","50980","1","1","31"
"2024-06","57034","1","1","31"
"2024-06","110536","1","1","31"
"2024-06","103535","1","3","31"
"2024-06","112288","1","1","31"
"2024-06","111594","1","1","31"
"2024-06","112756","1","1","31"
"2024-06","113748","1","1","31"
"2024-06","114144","0","1","39"
"2024-06","113682","0","1","39"
"2024-06","113735","0","1","39"
"2024-06","112921","0","1","39"
"2024-06","112677","0","1","39"
"2024-06","112725","0","1","39"
"2024-06","113445","0","1","39"
"2024-06","111756","0","1","39"
"2024-06","111766","0","1","39"
"2024-06","111883","0","1","39"
"2024-06","111998","0","1","39"
"2024-06","112253","0","1","39"
"2024-06","112530","0","2","39"
"2024-06","107057","0","1","39"
"2024-06","110596","0","1","39"
"2024-06","110621","0","1","39"
"2024-06","110679","0","1","39"
"2024-06","110996","0","1","39"
"2024-06","111066","0","1","39"
"2024-06","110781","0","1","39"
"2024-06","110787","0","1","39"
"2024-06","110788","0","1","39"
"2024-06","53980","0","1","39"
"2024-06","97169","0","1","39"
"2024-06","85398","0","1","39"
"2024-06","42549","0","1","39"
"2024-06","2041","0","1","39"
"2024-06","72187","-1","1","66"
"2024-06","110585","-1","2","66"
"2024-06","112056","-1","1","66"
"2024-06","113685","-1","1","66"
"2024-06","112545","-2","1","70"
"2024-06","110799","-2","1","70"
"2024-06","110795","-3","1","72"
"2024-06","113604","-3","1","72"
"2024-06","112538","-3","1","72"
"2024-06","38062","-7","1","75"
"2024-05","17143","64","8","1"
"2024-05","7180","46","3","2"
"2024-05","53013","32","5","3"
"2024-05","36457","24","1","4"
"2024-05","110341","22","5","5"
"2024-05","70038","21","1","6"
"2024-05","69823","19","3","7"
"2024-05","34242","17","6","8"
"2024-05","4638","16","3","9"
"2024-05","110223","14","2","10"
"2024-05","67","13","1","11"
"2024-05","72993","12","1","12"
"2024-05","70727","9","1","13"
"2024-05","58067","9","3","13"
"2024-05","110262","8","1","15"
"2024-05","70120","6","1","16"
"2024-05","64319","6","1","16"
"2024-05","48468","6","1","16"
"2024-05","47544","5","1","19"
"2024-05","53980","5","1","19"
"2024-05","19707","5","1","19"
"2024-05","84925","5","1","19"
"2024-05","96845","5","6","19"
"2024-05","24170","4","1","24"
"2024-05","63682","4","1","24"
"2024-05","25188","4","3","24"
"2024-05","41669","3","1","27"
"2024-05","98043","3","1","27"
"2024-05","102154","3","1","27"
"2024-05","110024","3","1","27"
"2024-05","110026","3","1","27"
"2024-05","95359","3","1","27"
"2024-05","110442","3","1","27"
"2024-05","110426","2","1","34"
"2024-05","81322","2","1","34"
"2024-05","110238","2","1","34"
"2024-05","110352","2","1","34"
"2024-05","110414","2","1","34"
"2024-05","110417","1","1","39"
"2024-05","110424","1","1","39"
"2024-05","110331","1","1","39"
"2024-05","110405","1","1","39"
"2024-05","110221","1","1","39"
"2024-05","110272","1","1","39"
"2024-05","110135","1","1","39"
"2024-05","110149","1","1","39"
"2024-05","42017","1","1","39"
"2024-05","38062","1","1","39"
"2024-05","63671","1","4","39"
"2024-05","110427","1","1","39"
"2024-05","110430","1","1","39"
"2024-05","110457","0","1","52"
"2024-05","59328","0","1","52"
"2024-05","24888","0","1","52"
"2024-05","2933","0","1","52"
"2024-05","100975","0","1","52"
"2024-05","110173","0","1","52"
"2024-05","75758","0","1","52"
"2024-05","110308","0","1","52"
"2024-05","110233","0","1","52"
"2024-05","110377","0","1","52"
"2024-05","110394","0","1","52"
"2024-05","110395","-1","1","63"
"2024-05","110297","-1","1","63"
"2024-05","110201","-1","1","63"
"2024-05","110162","-1","1","63"
"2024-05","110434","-1","1","63"
"2024-05","110474","-2","1","68"
"2024-05","110312","-2","1","68"
"2024-04","7180","71","10","1"
"2024-04","19707","40","6","2"
"2024-04","28879","38","3","3"
"2024-04","34242","37","6","4"
"2024-04","58067","33","7","5"
"2024-04","17143","33","4","5"
"2024-04","43642","31","1","7"
"2024-04","50040","20","2","8"
"2024-04","20413","18","2","9"
"2024-04","48468","13","1","10"
"2024-04","4638","11","2","11"
"2024-04","29322","10","1","12"
"2024-04","69823","9","3","13"
"2024-04","81092","9","1","13"
"2024-04","109842","8","1","15"
"2024-04","66651","8","1","15"
"2024-04","53708","7","1","17"
"2024-04","67","6","3","18"
"2024-04","304","5","1","19"
"2024-04","1790","5","2","19"
"2024-04","25423","5","1","19"
"2024-04","53980","5","1","19"
"2024-04","65126","5","1","19"
"2024-04","98975","5","1","19"
"2024-04","79316","4","1","25"
"2024-04","3649","4","2","25"
"2024-04","24278","3","1","27"
"2024-04","73476","3","1","27"
"2024-04","109964","3","1","27"
"2024-04","110028","3","1","27"
"2024-04","109912","2","1","31"
"2024-04","80388","2","1","31"
"2024-04","101479","2","1","31"
"2024-04","51949","2","1","31"
"2024-04","110092","2","1","31"
"2024-04","109825","1","1","36"
"2024-04","110132","1","1","36"
"2024-04","110059","1","1","36"
"2024-04","110061","1","1","36"
"2024-04","110071","1","1","36"
"2024-04","53013","1","1","36"
"2024-04","42549","1","1","36"
"2024-04","63671","1","1","36"
"2024-04","66900","1","1","36"
"2024-04","67287","1","2","36"
"2024-04","24284","1","2","36"
"2024-04","25188","1","2","36"
"2024-04","26369","1","1","36"
"2024-04","104497","1","1","36"
"2024-04","109783","1","1","36"
"2024-04","85398","1","1","36"
"2024-04","89516","1","1","36"
"2024-04","98043","1","1","36"
"2024-04","109817","1","1","36"
"2024-04","109967","1","1","36"
"2024-04","109965","0","1","56"
"2024-04","110036","0","1","56"
"2024-04","109981","0","1","56"
"2024-04","110020","0","1","56"
"2024-04","109818","0","1","56"
"2024-04","109938","0","1","56"
"2024-04","109868","0","1","56"
"2024-04","109871","0","1","56"
"2024-04","90712","0","1","56"
"2024-04","89301","0","1","56"
"2024-04","72993","0","1","56"
"2024-04","79735","0","1","56"
"2024-04","81730","0","1","56"
"2024-04","22065","0","1","56"
"2024-04","69596","0","1","56"
"2024-04","110084","0","1","56"
"2024-04","110114","-1","1","72"
"2024-04","3469","-1","1","72"
"2024-04","109796","-1","1","72"
"2024-04","109973","-1","1","72"
"2024-04","18910","-2","1","76"
"2024-03","7180","67","8","1"
"2024-03","17143","48","8","2"
"2024-03","58067","36","7","3"
"2024-03","69823","26","6","4"
"2024-03","20413","19","5","5"
"2024-03","81730","15","6","6"
"2024-03","100975","14","1","7"
"2024-03","53980","13","1","8"
"2024-03","4638","10","5","9"
"2024-03","27093","8","1","10"
"2024-03","34242","8","2","10"
"2024-03","67","7","3","12"
"2024-03","19707","7","2","12"
"2024-03","69596","7","1","12"
"2024-03","109600","6","1","15"
"2024-03","79316","5","1","16"
"2024-03","109644","4","1","17"
"2024-03","76107","4","1","17"
"2024-03","102154","3","2","19"
"2024-03","109741","3","1","19"
"2024-03","37723","3","1","19"
"2024-03","42066","3","1","19"
"2024-03","28767","3","1","19"
"2024-03","33029","2","1","24"
"2024-03","109710","2","1","24"
"2024-03","109668","2","1","24"
"2024-03","103560","2","2","24"
"2024-03","101051","2","1","24"
"2024-03","107260","2","1","24"
"2024-03","109446","2","1","24"
"2024-03","109504","1","1","31"
"2024-03","109440","1","1","31"
"2024-03","97486","1","1","31"
"2024-03","97812","1","1","31"
"2024-03","109604","1","1","31"
"2024-03","109622","1","1","31"
"2024-03","109637","1","1","31"
"2024-03","109546","1","1","31"
"2024-03","48468","1","1","31"
"2024-03","56993","1","1","31"
"2024-03","80388","1","1","31"
"2024-03","62848","1","3","31"
"2024-03","109750","1","1","31"
"2024-03","109769","0","1","44"
"2024-03","109775","0","1","44"
"2024-03","58686","0","1","44"
"2024-03","81092","0","1","44"
"2024-03","81351","0","1","44"
"2024-03","36356","0","1","44"
"2024-03","53708","0","1","44"
"2024-03","6638","0","2","44"
"2024-03","9365","0","1","44"
"2024-03","10644","0","1","44"
"2024-03","15728","0","1","44"
"2024-03","109484","0","1","44"
"2024-03","109524","0","1","44"
"2024-03","109747","0","1","44"
"2024-03","109696","-1","1","58"
"2024-03","109593","-1","1","58"
"2024-03","107097","-1","2","58"
"2024-03","108039","-1","1","58"
"2024-03","109454","-1","1","58"
"2024-03","109513","-2","1","63"
"2024-03","109469","-3","2","64"
"2024-03","109704","-3","2","64"
"2024-03","109734","-4","1","66"
"2024-02","4638","97","11","1"
"2024-02","19707","94","4","2"
"2024-02","7180","81","14","3"
"2024-02","58067","66","7","4"
"2024-02","28879","56","2","5"
"2024-02","67","30","4","6"
"2024-02","34242","29","4","7"
"2024-02","81730","29","12","7"
"2024-02","48468","28","2","9"
"2024-02","102004","17","1","10"
"2024-02","81322","17","4","10"
"2024-02","20413","16","4","12"
"2024-02","36356","15","2","13"
"2024-02","1244","13","1","14"
"2024-02","17143","13","4","14"
"2024-02","84477","13","1","14"
"2024-02","102154","12","2","17"
"2024-02","89259","12","2","17"
"2024-02","80388","10","5","19"
"2024-02","69823","9","2","20"
"2024-02","91309","9","1","20"
"2024-02","108328","7","1","22"
"2024-02","6495","5","1","23"
"2024-02","41669","5","1","23"
"2024-02","29537","4","1","25"
"2024-02","69855","4","1","25"
"2024-02","108175","4","2","25"
"2024-02","104899","4","1","25"
"2024-02","108080","4","2","25"
"2024-02","108133","3","1","30"
"2024-02","98043","3","1","30"
"2024-02","108348","3","1","30"
"2024-02","108311","3","3","30"
"2024-02","79694","3","1","30"
"2024-02","55672","3","1","30"
"2024-02","108050","3","1","30"
"2024-02","109380","2","1","37"
"2024-02","57428","2","1","37"
"2024-02","108181","2","1","37"
"2024-02","108096","2","1","37"
"2024-02","102071","2","1","37"
"2024-02","108086","2","1","37"
"2024-02","108138","1","1","43"
"2024-02","103324","1","1","43"
"2024-02","108251","1","1","43"
"2024-02","108191","1","2","43"
"2024-02","108212","1","1","43"
"2024-02","108231","1","1","43"
"2024-02","108321","1","1","43"
"2024-02","108272","1","1","43"
"2024-02","83173","1","1","43"
"2024-02","76107","1","1","43"
"2024-02","66900","1","3","43"
"2024-02","67875","1","1","43"
"2024-02","68458","1","1","43"
"2024-02","53708","1","1","43"
"2024-02","25188","0","1","57"
"2024-02","79613","0","1","57"
"2024-02","85398","0","1","57"
"2024-02","108289","0","1","57"
"2024-02","109352","0","1","57"
"2024-02","108329","0","1","57"
"2024-02","108249","0","1","57"
"2024-02","108257","0","1","57"
"2024-02","102609","0","1","57"
"2024-02","108140","0","1","57"
"2024-02","108158","0","1","57"
"2024-02","108159","0","1","57"
"2024-02","108167","0","1","57"
"2024-02","108093","0","1","57"
"2024-02","106742","0","1","57"
"2024-02","109383","0","1","57"
"2024-02","109387","0","1","57"
"2024-02","109367","0","1","57"
"2024-02","108126","-1","1","75"
"2024-02","108127","-1","1","75"
"2024-02","109359","-4","1","77"
"2024-01","4638","82","9","1"
"2024-01","69823","71","8","2"
"2024-01","34242","69","6","3"
"2024-01","7180","61","9","4"
"2024-01","17143","53","16","5"
"2024-01","58067","28","9","6"
"2024-01","46053","26","1","7"
"2024-01","101479","24","3","8"
"2024-01","81059","19","2","9"
"2024-01","63671","18","3","10"
"2024-01","67481","18","2","10"
"2024-01","19707","14","4","12"
"2024-01","20413","9","2","13"
"2024-01","67","7","5","14"
"2024-01","102609","5","1","15"
"2024-01","28786","4","1","16"
"2024-01","4257","4","1","16"
"2024-01","43997","4","3","16"
"2024-01","107938","4","1","16"
"2024-01","107880","3","1","20"
"2024-01","53980","3","1","20"
"2024-01","55199","3","1","20"
"2024-01","95359","3","1","20"
"2024-01","81322","3","2","20"
"2024-01","91208","2","1","25"
"2024-01","2933","2","1","25"
"2024-01","107893","2","2","25"
"2024-01","108030","2","1","25"
"2024-01","107645","2","1","25"
"2024-01","108045","2","1","25"
"2024-01","105906","1","2","31"
"2024-01","108017","1","1","31"
"2024-01","107980","1","1","31"
"2024-01","107993","1","1","31"
"2024-01","108001","1","1","31"
"2024-01","107906","1","1","31"
"2024-01","107936","1","1","31"
"2024-01","28879","1","1","31"
"2024-01","47694","1","1","31"
"2024-01","72993","1","1","31"
"2024-01","60587","1","1","31"
"2024-01","63870","0","2","42"
"2024-01","81730","0","1","42"
"2024-01","102073","0","1","42"
"2024-01","20118","0","1","42"
"2024-01","10374","0","1","42"
"2024-01","107890","0","1","42"
"2024-01","107969","0","1","42"
"2024-01","107916","0","1","42"
"2024-01","108005","0","1","42"
"2024-01","108021","0","1","42"
"2024-01","108024","0","1","42"
"2024-01","104497","0","1","42"
"2024-01","107693","0","1","42"
"2024-01","107700","0","1","42"
"2024-01","107702","0","1","42"
"2024-01","107763","0","1","42"
"2024-01","107773","0","1","42"
"2024-01","107815","0","1","42"
"2024-01","107844","0","1","42"
"2024-01","107742","0","1","42"
"2024-01","107867","0","1","42"
"2024-01","107877","0","1","42"
"2024-01","108050","0","3","42"
"2024-01","108058","-1","1","65"
"2024-01","107713","-1","1","65"
"2024-01","107699","-1","1","65"
"2024-01","107692","-1","1","65"
"2024-01","107987","-1","1","65"
"2024-01","107882","-1","1","65"
"2024-01","37445","-1","1","65"
"2024-01","103535","-1","2","65"
"2024-01","99237","-1","1","65"
"2024-01","108032","-2","1","74"
"2024-01","107747","-2","5","74"
"2024-01","107865","-2","1","74"
"2024-01","52044","-3","1","77"
"2024-01","107749","-14","1","78"