Tag,TotalQuestions,AnsweredQuestions,PctAnswered,AvgViews
"breakfast","42","11","26.190476190476193","13085.285714285714"
"catering","33","9","27.27272727272727","13821.515151515152"
"mustard","45","13","28.888888888888886","6570.555555555556"
"chips","50","15","30","7771.06"
"crockpot","97","30","30.927835051546392","33683.59793814433"
"burnt","57","18","31.57894736842105","6596.122807017544"
"fudge","56","18","32.142857142857146","9507.089285714286"
"casserole","37","12","32.432432432432435","12153.243243243243"
"smell","105","35","33.33333333333333","13658.019047619047"
"pickles","47","16","34.04255319148936","2058.723404255319"
"melting","38","13","34.21052631578947","15592.236842105263"
"ratio","46","16","34.78260869565217","22838.304347826088"
"gelling-agents","43","15","34.883720930232556","9664.093023255815"
"ham","80","28","35","16460.125"
"mozzarella","31","11","35.483870967741936","8267.612903225807"
"canning","318","114","35.84905660377358","5416.547169811321"
"drying","78","28","35.8974358974359","5124.653846153846"
"convection","58","21","36.206896551724135","29060.689655172413"
"candy","243","89","36.62551440329218","8113.814814814815"
"glaze","30","11","36.666666666666664","6737.533333333334"
"allergy","73","27","36.986301369863014","15811.246575342466"
"sugar-free","35","13","37.142857142857146","2801.714285714286"
"safety","78","29","37.17948717948718","2630.7051282051284"
"macarons","43","16","37.2093023255814","9872.279069767443"
"mold","142","53","37.32394366197183","15311.81690140845"
"stand-mixer","48","18","37.5","12506.9375"
"sponge-cake","53","20","37.735849056603776","7426.792452830188"
"restaurant","45","17","37.77777777777778","6643.666666666667"
"frozen","155","59","38.064516129032256","11139.406451612904"
"rising","97","37","38.144329896907216","12567.690721649484"
"soymilk","47","18","38.297872340425535","6123.425531914893"
"induction","90","35","38.88888888888889","13040.611111111111"
"frosting","59","23","38.983050847457626","10992.152542372882"
"breadcrumbs","41","16","39.02439024390244","6389.024390243902"
"caramel","92","36","39.130434782608695","7457.717391304348"
"carbon-steel","56","22","39.285714285714285","6638.910714285715"
"botulism","61","24","39.34426229508197","8023.3442622950815"
"texture","193","76","39.37823834196891","10072.974093264249"
"sourdough-starter","121","48","39.66942148760331","4335.297520661157"
"turkey","175","70","40","17980.14285714286"
"butchering","30","12","40","11303.2"
"cupcakes","55","22","40","19673.6"
"curing","60","24","40","7322.35"
"extracts","50","20","40","8808.14"
"maillard","30","12","40","5759.166666666667"
"brownies","87","35","40.229885057471265","16576.758620689656"
"cake","702","283","40.313390313390315","10855.531339031339"
"bulk-cooking","42","17","40.476190476190474","15479.119047619048"
"waffle","42","17","40.476190476190474","3951.785714285714"
"yolk","32","13","40.625","13061.0625"
"pectin","32","13","40.625","5383.8125"
"cookies","425","173","40.705882352941174","13212.950588235293"
"cheesecake","108","44","40.74074074074074","12834.055555555555"
"stainless-steel","103","42","40.77669902912621","12246.660194174758"
"low-carb","49","20","40.816326530612244","7435.551020408163"
"jelly","49","20","40.816326530612244","4272.081632653061"
"raw","93","38","40.86021505376344","9794.20430107527"
"gravy","44","18","40.909090909090914","11834.681818181818"
"sourdough","297","122","41.07744107744108","8170.131313131313"
"starch","51","21","41.17647058823529","5904.823529411765"
"additives","41","17","41.46341463414634","10723"
"chicken-stock","65","27","41.53846153846154","11737.123076923077"
"meringue","89","37","41.57303370786517","12577.438202247191"
"roast","93","39","41.935483870967744","19303.247311827956"
"lentils","69","29","42.028985507246375","10183.782608695652"
"broth","142","60","42.25352112676056","11448.859154929578"
"starter","66","28","42.42424242424242","14563.621212121212"
"timing","33","14","42.42424242424242","9629.545454545454"
"infusion","42","18","42.857142857142854","2044.7380952380952"
"kefir","42","18","42.857142857142854","5351.452380952381"
"storage","268","115","42.91044776119403","8697.80223880597"
"fermentation","337","145","43.02670623145401","6064.979228486647"
"crust","109","47","43.11926605504588","13447.467889908257"
"recipe-scaling","81","35","43.20987654320987","7537.728395061728"
"gluten-free","120","52","43.333333333333336","4913.15"
"searing","46","20","43.47826086956522","3835.2391304347825"
"thermometer","55","24","43.63636363636363","11797.836363636363"
"food-preservation","467","204","43.683083511777305","9979.86937901499"
"cinnamon","32","14","43.75","11699.125"
"olive","32","14","43.75","13345.4375"
"vinegar","162","71","43.82716049382716","15696"
"gelatin","130","57","43.84615384615385","14598.523076923077"
"peanut-butter","41","18","43.90243902439025","19883.634146341465"
"vegan","189","83","43.91534391534391","5038.687830687831"
"pot","100","44","44","7444.87"
"decorating","59","26","44.06779661016949","12878.389830508475"
"shellfish","34","15","44.11764705882353","26584"
"grains","61","27","44.26229508196721","7217.704918032787"
"baking","2670","1183","44.30711610486892","14499.226217228465"
"beverages","45","20","44.44444444444444","8761.355555555556"
"food-processing","63","28","44.44444444444444","4827.0317460317465"
"leavening","47","21","44.680851063829785","8441.659574468085"
"jam","116","52","44.827586206896555","5755.7844827586205"
"spoilage","116","52","44.827586206896555","15973.094827586207"
"pie","236","106","44.91525423728814","9588.135593220339"
"legumes","31","14","45.16129032258064","7023.645161290323"
"oven","533","243","45.590994371482175","21128.13320825516"
"electric-stoves","70","32","45.714285714285715","11733.814285714287"
"hard-boiled-eggs","50","23","46","36856.52"
"pudding","65","30","46.15384615384615","7848.215384615384"
"soy","78","36","46.15384615384615","8083.461538461538"
"dehydrating","80","37","46.25","4056.5125"
"flatbread","41","19","46.34146341463415","9595.09756097561"
"wok","99","46","46.464646464646464","7756.343434343435"
"temperature","555","258","46.48648648648649","21893.64864864865"
"food-safety","2444","1138","46.56301145662848","25990.87520458265"
"tomatoes","296","138","46.62162162162162","14735.222972972973"
"slow-cooking","282","132","46.808510638297875","19692.748226950356"
"poaching","32","15","46.875","9870.75"
"deep-frying","213","100","46.948356807511736","13513.61971830986"
"chili","66","31","46.96969696969697","20692.969696969696"
"pressure-cooker","151","71","47.019867549668874","6145.940397350993"
"aluminum-cookware","34","16","47.05882352941176","9521.176470588236"
"mixing","104","49","47.11538461538461","10048.951923076924"
"brining","144","68","47.22222222222222","13708.4375"
"containers","36","17","47.22222222222222","10003.611111111111"
"coconut","110","52","47.27272727272727","14609.718181818182"
"bread","1391","659","47.375988497483824","12718.256649892164"
"quickbread","40","19","47.5","8756.2"
"meatballs","40","19","47.5","12340.475"
"moisture","42","20","47.61904761904761","13176.92857142857"
"filling","44","21","47.72727272727273","2346.3636363636365"
"dairy-free","48","23","47.91666666666667","3768.4583333333335"
"pork","273","131","47.985347985347985","16326.641025641025"
"kitchen-safety","135","65","48.148148148148145","13074.614814814815"
"chicken","812","391","48.15270935960591","23324.333743842366"
"almonds","56","27","48.214285714285715","6038.357142857143"
"cheese","487","235","48.25462012320328","16145.2977412731"
"chemistry","201","97","48.258706467661696","6339.44776119403"
"chicken-breast","89","43","48.31460674157304","25898.1797752809"
"syrup","91","44","48.35164835164835","10253.065934065935"
"lime","31","15","48.38709677419355","20221.548387096773"
"raw-meat","97","47","48.45360824742268","37068.051546391755"
"apples","97","47","48.45360824742268","6582.865979381443"
"cream-cheese","33","16","48.484848484848484","12471.333333333334"
"mussels","33","16","48.484848484848484","12755.545454545454"
"salsa","33","16","48.484848484848484","16202.272727272728"
"substitutions","1488","722","48.52150537634409","23331.450940860213"
"restaurant-mimicry","105","51","48.57142857142857","16388.75238095238"
"mousse","35","17","48.57142857142857","5582.114285714286"
"pepper","70","34","48.57142857142857","7677.528571428571"
"beef","428","208","48.598130841121495","20128.969626168226"
"caramelization","72","35","48.61111111111111","4616.361111111111"
"kimchi","37","18","48.64864864864865","15699.918918918918"
"icing","78","38","48.717948717948715","13028.641025641025"
"cream","197","96","48.73096446700508","15825.395939086295"
"heat","121","59","48.760330578512395","9181.504132231405"
"soda","41","20","48.78048780487805","14364.951219512195"
"beans","260","127","48.84615384615385","17031.188461538462"
"seafood","139","68","48.92086330935252","13819.906474820144"
"cookbook","49","24","48.97959183673469","2099.877551020408"
"puff-pastry","49","24","48.97959183673469","19272.530612244896"
"cut-of-meat","55","27","49.09090909090909","24961.236363636363"
"soaking","59","29","49.152542372881356","23469.661016949154"
"seasoning","181","89","49.171270718232044","10857.99447513812"
"french-fries","61","30","49.18032786885246","11983.262295081968"
"pumpkin","63","31","49.2063492063492","7273.666666666667"
"cooking-time","335","165","49.25373134328358","20754.241791044777"
"flavor","704","347","49.28977272727273","9898.238636363636"
"tofu","75","37","49.333333333333336","5388.826666666667"
"yogurt","214","106","49.532710280373834","11042.317757009347"
"batter","115","57","49.56521739130435","13096.626086956521"
"pickling","123","61","49.59349593495935","11402.50406504065"
"yeast","326","162","49.693251533742334","17742.527607361964"
"pastry","177","88","49.717514124293785","8211.841807909605"
"potatoes","342","171","50","18269.543859649122"
"molecular-gastronomy","74","37","50","3411.472972972973"
"fresh","94","47","50","13810.712765957447"
"korean-cuisine","38","19","50","12064.421052631578"
"mayonnaise","72","36","50","11831.875"
"bell-peppers","34","17","50","25687.41176470588"
"cabbage","46","23","50","5583.347826086957"
"broiling","36","18","50","9133.5"
"coloring","46","23","50","9286.58695652174"
"teflon","32","16","50","6761.4375"
"noodles","127","64","50.39370078740157","16832.976377952757"
"butter","345","174","50.43478260869565","18328.840579710144"
"food-science","604","305","50.496688741721854","11184.85761589404"
"microwave","293","148","50.51194539249146","22044.409556313993"
"whipped-cream","97","49","50.51546391752577","14881.711340206186"
"lamb","85","43","50.588235294117645","9448.517647058823"
"roasting","241","122","50.62240663900415","13434.439834024895"
"freezing","580","294","50.689655172413794","14440.70172413793"
"dough","564","286","50.70921985815603","14231.52304964539"
"eggs","751","381","50.7323568575233","19848.1344873502"
"cocoa","67","34","50.74626865671642","7674.611940298508"
"wheat","67","34","50.74626865671642","4342.611940298508"
"dessert","264","134","50.75757575757576","8634.810606060606"
"ribs","65","33","50.76923076923077","23795.092307692306"
"fish","429","218","50.815850815850816","13386.804195804196"
"popcorn","59","30","50.847457627118644","20829.84745762712"
"dutch-oven","59","30","50.847457627118644","8946.525423728814"
"olive-oil","114","58","50.877192982456144","11892.938596491229"
"salmon","100","51","51","13811.49"
"sugar","429","219","51.048951048951054","11819.962703962705"
"nuts","141","72","51.06382978723404","12234.673758865249"
"defrosting","141","72","51.06382978723404","45613.035460992905"
"chocolate","503","257","51.0934393638171","9971.72763419483"
"rice","411","211","51.338199513382","21808.31386861314"
"jerky","35","18","51.42857142857142","12112.628571428571"
"milk","375","193","51.46666666666667","17038.312"
"lemon","101","52","51.48514851485149","16452.148514851484"
"meat","743","383","51.54777927321669","19793.71197846568"
"mistakes","31","16","51.61290322580645","6885.129032258064"
"smoothie","31","16","51.61290322580645","11717.548387096775"
"proofing","60","31","51.66666666666667","15672.083333333334"
"shopping","116","60","51.724137931034484","7743.732758620689"
"salad","77","40","51.94805194805194","7518"
"seasoning-pans","127","66","51.96850393700787","12212.346456692914"
"sous-vide","278","145","52.15827338129496","6168.946043165468"
"flour","386","202","52.331606217616574","12596.505181347151"
"brown-sugar","42","22","52.38095238095239","15331.738095238095"
"reduction","42","22","52.38095238095239","17460.619047619046"
"ginger","78","41","52.56410256410257","16353.320512820514"
"seeds","78","41","52.56410256410257","20460.48717948718"
"chinese-cuisine","194","102","52.57731958762887","14177.072164948453"
"cutting","95","50","52.63157894736842","7626.715789473684"
"citrus","55","29","52.72727272727272","11242.10909090909"
"fat","201","106","52.736318407960205","13112.706467661692"
"crepe","36","19","52.77777777777778","10875.777777777777"
"biscuits","36","19","52.77777777777778","5763.416666666667"
"mint","36","19","52.77777777777778","8257.944444444445"
"oil","494","261","52.834008097166","16006.572874493928"
"indian-cuisine","295","156","52.88135593220339","12611.613559322033"
"nutrient-composition","170","90","52.94117647058824","7573.7588235294115"
"pressure-canner","34","18","52.94117647058824","4763.735294117647"
"rice-cooker","85","45","52.94117647058824","32312.235294117647"
"sauce","664","352","53.01204819277109","14269.031626506025"
"cookware","260","138","53.07692307692308","14534.026923076923"
"organization","32","17","53.125","2540.65625"
"scrambled-eggs","32","17","53.125","40836.8125"
"stews","111","59","53.153153153153156","14507.495495495496"
"stove","126","67","53.17460317460318","22604.873015873014"
"soup","376","200","53.191489361702125","13886.566489361701"
"ganache","30","16","53.333333333333336","8091.2"
"kitchen","30","16","53.333333333333336","5378.233333333334"
"pizza","373","199","53.35120643431635","17501.951742627345"
"dumplings","58","31","53.44827586206896","7558.224137931034"
"steak","258","138","53.48837209302325","19612.1511627907"
"stock","200","107","53.5","10119.37"
"refrigerator","293","157","53.58361774744027","33301.00341296929"
"equipment","1328","712","53.6144578313253","11144.83358433735"
"spicy-hot","110","59","53.63636363636364","9086.118181818181"
"steaming","151","81","53.64238410596026","9852.271523178808"
"storage-lifetime","473","254","53.69978858350951","29717.359408033826"
"squash","54","29","53.70370370370371","11394.907407407407"
"tenderizing","54","29","53.70370370370371","35436.77777777778"
"acidity","67","36","53.73134328358209","7695.7164179104475"
"fruit","394","212","53.80710659898477","13448.322335025381"
"hot-sauce","52","28","53.84615384615385","10334.865384615385"
"carrots","52","28","53.84615384615385","21361.634615384617"
"dairy","102","55","53.92156862745098","10637.990196078432"
"vacuum","63","34","53.96825396825397","6125.269841269841"
"pan","209","113","54.066985645933016","13597.282296650717"
"corn","85","46","54.11764705882353","18116.823529411766"
"conversion","59","32","54.23728813559322","26586.64406779661"
"pasta","446","242","54.26008968609865","22651.863228699553"
"sauerkraut","46","25","54.347826086956516","8404.152173913044"
"frying-pan","114","62","54.385964912280706","13326.82456140351"
"spices","395","215","54.43037974683544","11876.620253164558"
"glass","55","30","54.54545454545454","34920.454545454544"
"pasteurization","33","18","54.54545454545454","5708.454545454545"
"american-cuisine","33","18","54.54545454545454","8538.818181818182"
"garlic","218","119","54.58715596330275","18798.646788990827"
"cleaning","425","232","54.58823529411765","14942.588235294117"
"reheating","161","88","54.6583850931677","22765"
"fire","42","23","54.761904761904766","12724.380952380952"
"thai-cuisine","84","46","54.761904761904766","22903.166666666668"
"sushi","115","63","54.78260869565217","17354.678260869565"
"vietnamese-cuisine","31","17","54.83870967741935","5109.967741935484"
"foam","31","17","54.83870967741935","9126.290322580646"
"muffins","62","34","54.83870967741935","14045.290322580646"
"marinade","155","85","54.83870967741935","17014.483870967742"
"pancakes","113","62","54.86725663716814","19448.513274336285"
"gas","82","45","54.87804878048781","12727.378048780487"
"sharpening","71","39","54.929577464788736","7139"
"presentation","40","22","55.00000000000001","6230.775"
"oranges","49","27","55.10204081632652","12540.918367346938"
"spaghetti","49","27","55.10204081632652","44509.5306122449"
"lasagna","58","32","55.172413793103445","33682.56896551724"
"sweet-potatoes","47","26","55.319148936170215","21808.31914893617"
"bones","65","36","55.38461538461539","8565.8"
"vanilla","74","41","55.4054054054054","11341.743243243243"
"ice-cream","207","115","55.55555555555556","8627.821256038647"
"smoking","131","73","55.72519083969466","10324.435114503816"
"measurements","182","102","56.043956043956044","28127.56043956044"
"herbs","198","111","56.060606060606055","15802.20202020202"
"grilling","249","140","56.22489959839358","14367.79919678715"
"roux","64","36","56.25","17719.90625"
"tasting","32","18","56.25","2326.28125"
"water","206","116","56.310679611650485","18892.252427184467"
"duck","55","31","56.36363636363636","8222"
"emulsion","78","44","56.41025641025641","5323.25641025641"
"ceramic","39","22","56.41025641025641","22327.53846153846"
"tea","301","170","56.47840531561462","14148.431893687708"
"color","92","52","56.52173913043478","6773.217391304348"
"utensils","122","69","56.557377049180324","10890.319672131147"
"thickening","122","69","56.557377049180324","19291.45901639344"
"salad-dressing","53","30","56.60377358490566","17250.150943396227"
"vegetarian","120","68","56.666666666666664","7873.058333333333"
"salt","361","205","56.78670360110804","14098.54293628809"
"buttermilk","44","25","56.81818181818182","9124.818181818182"
"consistency","51","29","56.86274509803921","9932.156862745098"
"resources","58","33","56.896551724137936","3473.362068965517"
"tempering","58","33","56.896551724137936","2615.5862068965516"
"kneading","65","37","56.92307692307692","20596.938461538462"
"bananas","72","41","56.94444444444444","29171.11111111111"
"chili-peppers","214","122","57.009345794392516","10615.08878504673"
"brisket","42","24","57.14285714285714","8034.476190476191"
"roast-beef","35","20","57.14285714285714","8158.885714285714"
"cast-iron","306","175","57.18954248366013","15156.111111111111"
"cheese-making","89","51","57.30337078651685","11809.741573033707"
"egg-whites","89","51","57.30337078651685","13431"
"custard","82","47","57.3170731707317","8248.585365853658"
"cornstarch","47","27","57.446808510638306","14099.340425531915"
"vegetables","495","285","57.57575757575758","10116.711111111112"
"juice","92","53","57.608695652173914","8314.91304347826"
"drinks","144","83","57.638888888888886","9122.125"
"braising","52","30","57.692307692307686","7068.826923076923"
"storage-method","643","371","57.698289269051315","22340.85069984448"
"baking-powder","71","41","57.74647887323944","19714.605633802817"
"mushrooms","109","63","57.798165137614674","11912.165137614678"
"asian-cuisine","176","102","57.95454545454546","17708.545454545456"
"bacon","112","65","58.03571428571429","21651.678571428572"
"juicing","31","18","58.06451612903226","9395.935483870968"
"food-identification","215","125","58.139534883720934","3586.827906976744"
"alcohol","183","107","58.46994535519126","16722.535519125682"
"espresso","53","31","58.490566037735846","17876.962264150945"
"peanuts","41","24","58.536585365853654","10325.048780487805"
"non-stick","92","54","58.69565217391305","12757.967391304348"
"oats","63","37","58.730158730158735","10194.761904761905"
"blender","80","47","58.75","10399.1125"
"basil","34","20","58.82352941176471","44672.294117647056"
"hamburgers","102","60","58.82352941176471","25132.725490196077"
"wine","163","96","58.895705521472394","18802.53374233129"
"poultry","39","23","58.97435897435898","30349.4358974359"
"curry","169","100","59.171597633136095","20351.31952662722"
"avocados","54","32","59.25925925925925","19739.09259259259"
"pizza-stone","54","32","59.25925925925925","16421.87037037037"
"shrimp","59","35","59.32203389830508","17312.694915254237"
"chickpeas","52","31","59.61538461538461","17917.51923076923"
"skillet","57","34","59.64912280701754","12008.438596491229"
"spanish-cuisine","45","27","60","9863.222222222223"
"ground-beef","65","39","60","45634.984615384616"
"frying","444","267","60.13513513513513","16922.90765765766"
"boiling","296","178","60.13513513513513","21439.462837837837"
"coffee","367","221","60.217983651226156","22357.517711171662"
"maintenance","68","41","60.29411764705882","13566.235294117647"
"cutting-boards","53","32","60.37735849056604","14920.603773584906"
"thanksgiving","38","23","60.526315789473685","28391.473684210527"
"barbecue","193","117","60.62176165803109","11601.098445595855"
"ingredient-selection","189","115","60.84656084656085","7463.338624338624"
"omelette","36","22","61.111111111111114","23999.555555555555"
"risotto","36","22","61.111111111111114","21462.527777777777"
"onions","225","138","61.33333333333333","20567.826666666668"
"beer","57","35","61.40350877192983","17706.315789473683"
"japanese-cuisine","148","91","61.48648648648649","7712.844594594595"
"baking-soda","86","53","61.627906976744185","20291.53488372093"
"pineapple","34","21","61.76470588235294","11075.5"
"skin","34","21","61.76470588235294","12584.617647058823"
"melting-chocolate","74","46","62.16216216216216","17714.35135135135"
"italian-cuisine","205","128","62.4390243902439","22188.8"
"caffeine","32","20","62.5","19164.65625"
"condiments","32","20","62.5","7941.875"
"spinach","40","25","62.5","23951.425"
"honey","91","57","62.637362637362635","10979.945054945056"
"sausages","127","80","62.99212598425197","19169.33070866142"
"french-cuisine","90","57","63.33333333333333","6404.5888888888885"
"culinary-uses","151","96","63.576158940397356","11920.19867549669"
"grinding","66","42","63.63636363636363","9039.10606060606"
"tortilla","45","29","64.44444444444444","14602.266666666666"
"language","246","159","64.63414634146342","15479.524390243903"
"history","91","59","64.83516483516483","7260.142857142857"
"creme-brulee","37","24","64.86486486486487","7956.459459459459"
"middle-eastern-cuisine","61","40","65.57377049180327","8808.245901639344"
"greens","32","21","65.625","6597.3125"
"eggplant","36","24","66.66666666666666","9677.805555555555"
"ripe","45","30","66.66666666666666","25944.266666666666"
"sandwich","57","38","66.66666666666666","24171.052631578947"
"cocktails","79","53","67.08860759493672","13647.037974683544"
"knives","192","129","67.1875","8303.302083333334"
"budget-cooking","40","27","67.5","23377.375"
"knife-skills","99","67","67.67676767676768","9059.70707070707"
"stir-fry","65","44","67.6923076923077","11923.646153846154"
"mexican-cuisine","118","81","68.64406779661016","20459.65254237288"
"packaging","37","26","70.27027027027027","8893.621621621622"
"peeling","60","43","71.66666666666667","19890.283333333333"
"calories","47","34","72.3404255319149","13519.468085106382"
"camping","31","23","74.19354838709677","11996.41935483871"
"sauteing","80","61","76.25","12467.1875"
"bechamel","30","24","80","10346.966666666667"